Legislatura,nome parlamentar,total_dias_de_mandato
54,ABELARDO CAMARINHA,181
54,ABELARDO CAMARINHA,1149
54,ABELARDO LUPION,1460
54,ACELINO POPÓ,1153
54,ACELINO POPÓ,239
54,ADEMIR CAMILO,1460
54,ADRIAN,1460
54,AELTON FREITAS,1460
54,AFONSO FLORENCE,1
54,AFONSO FLORENCE,1053
54,AFONSO HAMM,1460
54,AFONSO MOTTA,30
54,AGUINALDO RIBEIRO,370
54,AGUINALDO RIBEIRO,313
54,AKIRA OTSUBO,621
54,AKIRA OTSUBO,32
54,ALBERTO FILHO,490
54,ALBERTO FILHO,849
54,ALBERTO MOURÃO,484
54,ALBERTO MOURÃO,134
54,ALCEU MOREIRA,1460
54,ALDO REBELO,272
54,ALESSANDRO MOLON,1460
54,ALEX CANZIANI,1460
54,ALEXANDRE CARDOSO,2
54,ALEXANDRE CARDOSO,200
54,ALEXANDRE LEITE,1460
54,ALEXANDRE ROSO,1460
54,ALEXANDRE SANTOS,1460
54,ALEXANDRE SILVEIRA,2
54,ALEXANDRE SILVEIRA,9
54,ALEXANDRE SILVEIRA,9
54,ALEXANDRE SILVEIRA,1
54,ALEXANDRE SILVEIRA,299
54,ALEXANDRE TOLEDO,4
54,ALEXANDRE TOLEDO,528
54,ALEXANDRE TOLEDO,83
54,ALFREDO KAEFER,1460
54,ALFREDO SIRKIS,1460
54,ALICE PORTUGAL,1460
54,ALINE CORRÊA,1460
54,ALMEIDA LIMA,1460
54,AMAURI TEIXEIRA,1460
54,AMIR LANDO,520
54,ANA ARRAES,261
54,ANDERSON FERREIRA,1460
54,ANDRÉ DE PAULA,295
54,ANDRÉ DIAS,313
54,ANDRÉ FIGUEIREDO,1460
54,ANDRE MOURA,1460
54,ANDRE VARGAS,1409
54,ANDRÉ ZACHAROW,1460
54,ANDREIA ZITO,1460
54,ÂNGELO AGNOLIN,1460
54,ANGELO VANHONI,1460
54,ANÍBAL GOMES,1460
54,ANSELMO DE JESUS,758
54,ANTHONY GAROTINHO,1460
54,ANTÔNIA LÚCIA,1460
54,ANTÔNIO ANDRADE,774
54,ANTÔNIO ANDRADE,288
54,ANTONIO BALHMANN,1460
54,ANTONIO BRITO,1460
54,ANTONIO BULHÕES,1460
54,ANTONIO CARLOS MAGALHÃES NETO,699
54,ANTONIO CARLOS MENDES THAME,1460
54,ANTONIO IMBASSAHY,1460
54,ANTÔNIO ROBERTO,1192
54,ARACELY DE PAULA,1381
54,ARIOSTO HOLANDA,1460
54,ARLINDO CHINAGLIA,1460
54,ARMANDO ABÍLIO,72
54,ARMANDO ABÍLIO,121
54,ARMANDO VERGÍLIO,28
54,ARMANDO VERGÍLIO,1279
54,ARNALDO FARIA DE SÁ,1460
54,ARNALDO JARDIM,1437
54,ARNALDO JARDIM,0
54,ARNALDO JORDY,1460
54,ARNON BEZERRA,1460
54,AROLDE DE OLIVEIRA,1460
54,ARTHUR LIRA,1044
54,ARTHUR LIRA,294
54,ARTHUR OLIVEIRA MAIA,1460
54,ARTUR BRUNO,1430
54,ASDRUBAL BENTES,2
54,ASDRUBAL BENTES,940
54,ASSIS CARVALHO,1460
54,ASSIS DO COUTO,1460
54,ASSIS MELO,1460
54,ÁTILA LINS,1460
54,ÁTILA LIRA,2
54,ÁTILA LIRA,303
54,AUDIFAX,519
54,AUDIFAX,59
54,AUGUSTO CARVALHO,287
54,AUGUSTO CARVALHO,193
54,AUGUSTO CARVALHO,50
54,AUGUSTO CARVALHO,110
54,AUGUSTO CARVALHO,317
54,AUGUSTO COUTINHO,1460
54,AUREO,1460
54,BEBETO GALVÃO,22
54,BENEDITA DA SILVA,1460
54,BENJAMIN MARANHÃO,520
54,BENJAMIN MARANHÃO,819
54,BERINHO BANTIM,716
54,BERINHO BANTIM,23
54,BERINHO BANTIM,37
54,BERINHO BANTIM,139
54,BERNARDO SANTANA DE VASCONCELLOS,1455
54,BETINHO ROSADO,7
54,BETINHO ROSADO,8
54,BETINHO ROSADO,4
54,BETINHO ROSADO,815
54,BETO ALBUQUERQUE,3
54,BETO ALBUQUERQUE,800
54,BETO FARO,1460
54,BETO MANSUR,1460
54,BIFFI,1460
54,BILAC PINTO,2
54,BILAC PINTO,9
54,BILAC PINTO,302
54,BOHN GASS,1460
54,BONIFÁCIO DE ANDRADA,1457
54,BRIZOLA NETO,217
54,BRIZOLA NETO,184
54,BRUNA FURLAN,1460
54,BRUNO ARAÚJO,1460
54,BRUNO RODRIGUES,25
54,CABO JULIANO RABELO,120
54,CAMILO COLA,381
54,CAMILO COLA,120
54,CAMILO COLA,759
54,CÂNDIDO VACCAREZZA,1460
54,CARLAILE PEDROSA,686
54,CARLINHOS ALMEIDA,671
54,CARLOS ALBERTO LERÉIA,1178
54,CARLOS ALBERTO LERÉIA,152
54,CARLOS BEZERRA,518
54,CARLOS BEZERRA,820
54,CARLOS BRANDÃO,245
54,CARLOS BRANDÃO,1059
54,CARLOS EDUARDO CADOCA,1460
54,CARLOS MAGNO,1460
54,CARLOS MANATO,1460
54,CARLOS MARTINS,30
54,CARLOS MELLES,2
54,CARLOS MELLES,2
54,CARLOS MELLES,302
54,CARLOS ROBERTO,199
54,CARLOS ROBERTO,342
54,CARLOS ROBERTO,122
54,CARLOS SAMPAIO,1460
54,CARLOS SOUZA,1366
54,CARLOS ZARATTINI,1460
54,CARMEN ZANOTTO,237
54,CARMEN ZANOTTO,397
54,CARMEN ZANOTTO,326
54,CARMEN ZANOTTO,115
54,CELIA ROCHA,700
54,CELSO JACOB,7
54,CELSO JACOB,391
54,CELSO MALDANER,1460
54,CESAR COLNAGO,1428
54,CÉSAR HALUM,1460
54,CEZAR SILVESTRI,1
54,CEZAR SILVESTRI,3
54,CEZAR SILVESTRI,29
54,CHICO ALENCAR,1460
54,CHICO D'ANGELO,658
54,CHICO DAS VERDURAS,99
54,CHICO DAS VERDURAS,779
54,CHICO LOPES,1460
54,CIDA BORGHETTI,862
54,CIDA BORGHETTI,443
54,CLAUDIO CAJADO,1460
54,CLÁUDIO PUTY,1460
54,CLEBER VERDE,485
54,CLEBER VERDE,854
54,COLBERT MARTINS,460
54,COLBERT MARTINS,118
54,COSTA FERREIRA,80
54,COSTA FERREIRA,913
54,CRISTIANO,192
54,DALVA FIGUEIREDO,1460
54,DAMIÃO FELICIANO,1460
54,DANIEL ALMEIDA,1460
54,DANILO CABRAL,13
54,DANILO CABRAL,13
54,DANILO CABRAL,262
54,DANILO FORTE,1460
54,DANRLEI DE DEUS HINTERHOLZ,1460
54,DARCÍSIO PERONDI,1460
54,DAVI ALCOLUMBRE,1460
54,DAVI ALVES SILVA JÚNIOR,1458
54,DÉCIO LIMA,1460
54,DELEGADO PROTÓGENES,1460
54,DELEGADO WALDIR,133
54,DELEY,252
54,DELEY,201
54,DELEY,30
54,DELEY,423
54,DENILSON TEIXEIRA,44
54,DEVANIR RIBEIRO,1460
54,DIEGO ANDRADE,1460
54,DILCEU SPERAFICO,1460
54,DIMAS FABIANO,1460
54,DIMAS RAMALHO,559
54,DOMINGOS DUTRA,1460
54,DOMINGOS NETO,737
54,DOMINGOS NETO,347
54,DOMINGOS SÁVIO,1460
54,DR. ADILSON SOARES,1460
54,DR. ALUIZIO,700
54,DR. CARLOS ALBERTO,497
54,DR. CARLOS ALBERTO,759
54,DR. DILSON DRUMOND,107
54,DR. GRILO,1460
54,DR. JORGE SILVA,1460
54,DR. LUIZ FERNANDO,371
54,DR. LUIZ FERNANDO,92
54,DR. PAULO CÉSAR,1460
54,DR. ROSINHA,1460
54,DR. SINVAL MALHEIROS,29
54,DR. UBIALI,497
54,DR. UBIALI,772
54,DRA. ELAINE ABISSAMRA,130
54,DRA. ELAINE ABISSAMRA,16
54,DUARTE NOGUEIRA,1430
54,DUARTE NOGUEIRA,0
54,DUDIMAR PAXIUBA,211
54,DUDIMAR PAXIUBA,382
54,DUDIMAR PAXIUBA,759
54,DUDU LUIZ EDUARDO,116
54,EDINHO ARAÚJO,1430
54,EDINHO BEZ,1460
54,EDIO LOPES,1460
54,EDIVALDO HOLANDA JUNIOR,457
54,EDIVALDO HOLANDA JUNIOR,121
54,EDMAR ARRUDA,765
54,EDMAR ARRUDA,573
54,EDMAR MOREIRA,38
54,EDSON APARECIDO,2
54,EDSON APARECIDO,146
54,EDSON APARECIDO,164
54,EDSON EZEQUIEL,1460
54,EDSON PIMENTA,1460
54,EDSON SANTOS,1460
54,EDSON SILVA,414
54,EDSON SILVA,414
54,EDSON SILVA,374
54,EDUARDO AZEREDO,1114
54,EDUARDO BARBOSA,1460
54,EDUARDO CUNHA,1460
54,EDUARDO DA FONTE,1460
54,EDUARDO GOMES,765
54,EDUARDO GOMES,281
54,EDUARDO GOMES,71
54,EDUARDO SCIARRA,1445
54,EFRAIM FILHO,1460
54,ELCIONE BARBALHO,1460
54,ELEUSES PAIVA,1457
54,ELI CORREA FILHO,1460
54,ELIANE ROLIM,389
54,ELIENE LIMA,1
54,ELIENE LIMA,1193
54,ELISEU PADILHA,575
54,ELISEU PADILHA,507
54,EMANUEL FERNANDES,1
54,EMANUEL FERNANDES,1170
54,EMILIANO JOSÉ,406
54,EMILIANO JOSÉ,122
54,EMILIANO JOSÉ,236
54,ENIO BACCI,1460
54,ERIKA KOKAY,1460
54,ERIVELTON SANTANA,1460
54,ERON BEZERRA,15
54,EROS BIONDINI,632
54,EROS BIONDINI,9
54,EROS BIONDINI,400
54,ESPERIDIÃO AMIN,1460
54,EUDES XAVIER,1460
54,EURICO JÚNIOR,758
54,EVANDRO MILHOMEN,1460
54,FÁBIO FARIA,1460
54,FÁBIO RAMALHO,1460
54,FABIO REIS,758
54,FÁBIO SOUTO,1460
54,FÁBIO TRAD,1460
54,FÁTIMA BEZERRA,1460
54,FÁTIMA PELAES,1460
54,FELIPE BORNIER,1460
54,FELIPE MAIA,1460
54,FÉLIX MENDONÇA JÚNIOR,1460
54,FERNANDO COELHO FILHO,1460
54,FERNANDO FERRO,1460
54,FERNANDO FRANCISCHINI,1414
54,FERNANDO FRANCISCHINI,0
54,FERNANDO JORDÃO,1
54,FERNANDO JORDÃO,475
54,FERNANDO JORDÃO,6
54,FERNANDO JORDÃO,513
54,FERNANDO JORDÃO,25
54,FERNANDO LOPES,29
54,FERNANDO LOPES,26
54,FERNANDO LOPES,391
54,FERNANDO MARRONI,1154
54,FERNANDO MARRONI,30
54,FERNANDO TORRES,1460
54,FERNANDO ZACHIA,30
54,FILIPE PEREIRA,756
54,FILIPE PEREIRA,277
54,FLÁVIA MORAIS,1460
54,FLAVIANO MELO,1460
54,FRANCISCO ARAÚJO,581
54,FRANCISCO CHAGAS,738
54,FRANCISCO DE ASSIS,112
54,FRANCISCO ESCÓRCIO,1098
54,FRANCISCO ESCÓRCIO,126
54,FRANCISCO FLORIANO,1460
54,FRANCISCO PRACIANO,1460
54,FRANCISCO TENÓRIO,758
54,GABRIEL CHALITA,1442
54,GABRIEL GUIMARÃES,1460
54,GASTÃO VIEIRA,227
54,GASTÃO VIEIRA,320
54,GEAN LOUREIRO,179
54,GEAN LOUREIRO,8
54,GENECIAS NORONHA,1460
54,GEORGE HILTON,1430
54,GERA ARRUDA,81
54,GERA ARRUDA,17
54,GERA ARRUDA,16
54,GERA ARRUDA,126
54,GERALDO RESENDE,1460
54,GERALDO SIMÕES,1460
54,GERALDO THADEU,1460
54,GIACOBO,1460
54,GILBERTO COUTINHO,30
54,GILMAR MACHADO,700
54,GIOVANI CHERINI,1460
54,GIOVANNI QUEIROZ,1460
54,GIROTO,799
54,GIROTO,40
54,GIVALDO CARIMBÃO,1460
54,GLADSON CAMELI,1460
54,GLAUBER BRAGA,1460
54,GOIACIARA CRUZ,150
54,GONZAGA PATRIOTA,1460
54,GORETE PEREIRA,1460
54,GUILHERME CAMPOS,1460
54,GUILHERME MUSSI,1460
54,GUSTAVO PETTA,348
54,HELCIO SILVA,415
54,HELENO SILVA,700
54,HÉLIO SANTOS,1460
54,HENRIQUE AFONSO,1460
54,HENRIQUE EDUARDO ALVES,1460
54,HENRIQUE FONTANA,1460
54,HENRIQUE OLIVEIRA,1430
54,HERMES PARCIANELLO,1460
54,HEULER CRUVINEL,1460
54,HOMERO PEREIRA,962
54,HUGO LEAL,1460
54,HUGO MOTTA,1460
54,HUGO NAPOLEÃO,1460
54,HUMBERTO MICHILES,14
54,HUMBERTO SOUTO,342
54,HUMBERTO SOUTO,123
54,IARA BERNARDI,758
54,ILÁRIO MARQUES,144
54,INOCÊNCIO OLIVEIRA,1460
54,IRACEMA PORTELLA,1460
54,IRAJÁ ABREU,826
54,IRAJÁ ABREU,484
54,IRINY LOPES,1
54,IRINY LOPES,1072
54,ÍRIS DE ARAÚJO,1460
54,ISAIAS SILVESTRE,392
54,ISAIAS SILVESTRE,22
54,IVAN VALENTE,1460
54,IZALCI,1460
54,JAIME MARTINS,1460
54,JAIR BOLSONARO,1460
54,JAIRO ATAÍDE,263
54,JAIRO ATAÍDE,754
54,JAIRO ATAÍDE,422
54,JANDIRA FEGHALI,1460
54,JANETE CAPIBERIBE,1298
54,JANETE ROCHA PIETÁ,1460
54,JÂNIO NATAL,1460
54,JAQUELINE RORIZ,1460
54,JEAN WYLLYS,1460
54,JEFFERSON CAMPOS,1460
54,JERÔNIMO GOERGEN,1460
54,JESUS RODRIGUES,1460
54,JHONATAN DE JESUS,1460
54,JILMAR TATTO,700
54,JÔ MORAES,1460
54,JOÃO ANANIAS,1460
54,JOÃO ARRUDA,1460
54,JOÃO BITTAR,1027
54,JOÃO BITTAR,428
54,JOÃO CALDAS,111
54,JOÃO CALDAS,122
54,JOÃO CALDAS,122
54,JOÃO CAMPOS,1460
54,JOÃO CARLOS BACELAR,732
54,JOÃO CARLOS BACELAR,607
54,JOÃO DADO,1430
54,JOÃO LEÃO,43
54,JOÃO LEÃO,1021
54,JOÃO LYRA,1460
54,JOÃO MAGALHÃES,1460
54,JOÃO MAIA,1460
54,JOÃO PAULO CUNHA,1102
54,JOÃO PAULO LIMA,1460
54,JOÃO PIZZOLATTI,1298
54,JOÃO RODRIGUES,28
54,JOÃO RODRIGUES,2
54,JOÃO RODRIGUES,3
54,JOÃO RODRIGUES,8
54,JOÃO RODRIGUES,302
54,JOAQUIM BELTRÃO,700
54,JONAS DONIZETTE,687
54,JORGE BITTAR,2
54,JORGE BITTAR,800
54,JORGE BOEIRA,1144
54,JORGE BOEIRA,192
54,JORGE CÔRTE REAL,1460
54,JORGE PINHEIRO,173
54,JORGE TADEU MUDALEN,1460
54,JORGINHO MELLO,1460
54,JOSÉ AIRTON,1460
54,JOSÉ ANÍBAL,2
54,JOSÉ ANÍBAL,1
54,JOSÉ ANÍBAL,298
54,JOSÉ AUGUSTO MAIA,1460
54,JOSÉ CARLOS ARAÚJO,1460
54,JOSÉ CARLOS VIEIRA,106
54,JOSÉ CHAVES,1460
54,JOSÉ DE FILIPPI,700
54,JOSÉ GENOÍNO,256
54,JOSÉ GUIMARÃES,1460
54,JOSÉ HUMBERTO,1460
54,JOSÉ LINHARES,1460
54,JOSÉ MENTOR,1460
54,JOSÉ NUNES,1460
54,JOSÉ OTÁVIO GERMANO,1460
54,JOSÉ PRIANTE,1460
54,JOSÉ ROCHA,1460
54,JOSE STÉDILE,1460
54,JOSEPH BANDEIRA,362
54,JOSEPH BANDEIRA,30
54,JOSIAS GOMES,1430
54,JOSUÉ BENGTSON,1460
54,JOVAIR ARANTES,1460
54,JÚLIO CAMPOS,1460
54,JÚLIO CESAR,1460
54,JÚLIO DELGADO,1460
54,JULIO LOPES,28
54,JULIO LOPES,302
54,JULIO SEMEGHINI,1
54,JULIO SEMEGHINI,26
54,JÚNIOR COIMBRA,1460
54,JUNJI ABE,1460
54,JUTAHY JUNIOR,1460
54,KEIKO OTA,1460
54,LAEL VARELLA,1460
54,LAERCIO OLIVEIRA,1460
54,LAUREZ MOREIRA,700
54,LAURIETE,1460
54,LÁZARO BOTELHO,732
54,LÁZARO BOTELHO,607
54,LEANDRO VILELA,1460
54,LELO COIMBRA,1460
54,LÉO OLIVEIRA,29
54,LEOMAR QUINTANILHA,121
54,LEONARDO GADELHA,822
54,LEONARDO MONTEIRO,1460
54,LEONARDO PICCIANI,17
54,LEONARDO PICCIANI,1180
54,LEONARDO QUINTÃO,1460
54,LEONARDO VILELA,8
54,LEONARDO VILELA,7
54,LEONARDO VILELA,216
54,LEONARDO VILELA,7
54,LEONARDO VILELA,7
54,LEOPOLDO MEYER,1460
54,LILIAM SÁ,1460
54,LINCOLN PORTELA,1460
54,LINDOMAR GARÇON,288
54,LIRA MAIA,1460
54,LOURIVAL MENDES,1460
54,LUCI CHOINACKI,1460
54,LUCIANA SANTOS,1460
54,LUCIANO CASTRO,1460
54,LUCIANO MOREIRA,135
54,LUCIANO PIZZATTO,1
54,LUCIANO PIZZATTO,15
54,LÚCIO VALE,1460
54,LUCIO VIEIRA LIMA,1460
54,LUIS CARLOS HEINZE,1460
54,LUIS TIBÉ,1460
54,LUIZ ALBERTO,1460
54,LUIZ ARGÔLO,1460
54,LUIZ CARLOS,1460
54,LUIZ CARLOS BUSATO,6
54,LUIZ CARLOS BUSATO,8
54,LUIZ CARLOS BUSATO,318
54,LUIZ CARLOS HAULY,3
54,LUIZ CARLOS HAULY,480
54,LUIZ CARLOS SETIM,697
54,LUIZ COUTO,1460
54,LUIZ DE DEUS,758
54,LUIZ FERNANDO FARIA,1460
54,LUIZ FERNANDO MACHADO,1460
54,LUIZ NISHIMORI,1406
54,LUIZ NISHIMORI,46
54,LUIZ NOÉ,657
54,LUIZ OTAVIO,207
54,LUIZ OTAVIO,310
54,LUIZ PITIMAN,9
54,LUIZ PITIMAN,1282
54,LUIZ SÉRGIO,1
54,LUIZ SÉRGIO,1065
54,LUIZA ERUNDINA,1460
54,MAGDA MOFATTO,131
54,MAGDA MOFATTO,364
54,MAGDA MOFATTO,358
54,MAGDA MOFATTO,424
54,MAGELA,3
54,MAGELA,3
54,MAGELA,50
54,MAGELA,28
54,MAGELA,37
54,MAGELA,302
54,MAJOR FÁBIO,120
54,MAJOR FÁBIO,759
54,MANDETTA,1460
54,MANOEL ANTUNES,30
54,MANOEL JUNIOR,1460
54,MANOEL SALVIANO,1460
54,MANUEL ROSA NECA,758
54,MANUELA D'ÁVILA,513
54,MANUELA D'ÁVILA,820
54,MARA GABRILLI,1460
54,MARÇAL FILHO,1460
54,MARCELINHO CARIOCA,29
54,MARCELO AGUIAR,1460
54,MARCELO ALMEIDA,414
54,MARCELO ALMEIDA,51
54,MARCELO CASTRO,1460
54,MARCELO GUIMARÃES FILHO,121
54,MARCELO MATOS,1460
54,MARCIO BITTAR,1460
54,MÁRCIO FRANÇA,2
54,MÁRCIO FRANÇA,926
54,MARCIO JUNQUEIRA,271
54,MARCIO JUNQUEIRA,152
54,MARCIO JUNQUEIRA,122
54,MARCIO JUNQUEIRA,31
54,MÁRCIO MACÊDO,1460
54,MÁRCIO MARINHO,1460
54,MARCIO REINALDO MOREIRA,700
54,MARCO MAIA,1460
54,MARCO TEBALDI,29
54,MARCO TEBALDI,1066
54,MARCON,1460
54,MARCOS LIMA,25
54,MARCOS MEDRADO,526
54,MARCOS MEDRADO,812
54,MARCOS MONTES,1460
54,MARCOS ROGÉRIO,1171
54,MARCUS PESTANA,1460
54,MARCUS VICENTE,25
54,MARGARIDA SALOMÃO,758
54,MARIA DO ROSÁRIO,1
54,MARIA DO ROSÁRIO,304
54,MARIA LUCIA PRANDI,305
54,MARINA SANTANNA,236
54,MARINA SANTANNA,21
54,MARINA SANTANNA,364
54,MARINA SANTANNA,54
54,MARINA SANTANNA,292
54,MARINA SANTANNA,27
54,MARINHA RAUPP,1460
54,MÁRIO DE OLIVEIRA,23
54,MÁRIO DE OLIVEIRA,306
54,MÁRIO DE OLIVEIRA,185
54,MÁRIO DE OLIVEIRA,10
54,MÁRIO FEITOZA,173
54,MÁRIO FEITOZA,759
54,MÁRIO HERINGER,250
54,MÁRIO HERINGER,35
54,MÁRIO HERINGER,119
54,MÁRIO NEGROMONTE,1
54,MÁRIO NEGROMONTE,853
54,MARLLOS SAMPAIO,1460
54,MASSAMI MIKI,11
54,MAURÍCIO ALMEIDA,26
54,MAURÍCIO DZIEDRICKI,7
54,MAURÍCIO QUINTELLA LESSA,1460
54,MAURÍCIO RANDS,14
54,MAURÍCIO TRINDADE,702
54,MAURÍCIO TRINDADE,44
54,MAURÍCIO TRINDADE,132
54,MAURO BENEVIDES,1460
54,MAURO LOPES,1460
54,MAURO MARIANI,1460
54,MAURO NAZIF,700
54,MAX FILHO,30
54,MENDES RIBEIRO FILHO,203
54,MENDES RIBEIRO FILHO,141
54,MENDONÇA FILHO,1460
54,MENDONÇA PRADO,1460
54,MIGUEL CORRÊA,1431
54,MILTON MONTI,1460
54,MIRIQUINHO BATISTA,1460
54,MIRO TEIXEIRA,1460
54,MISSIONÁRIO JOSÉ OLIMPIO,1460
54,MOACIR MICHELETTO,363
54,MOREIRA MENDES,1460
54,NARCIO RODRIGUES,1
54,NARCIO RODRIGUES,45
54,NARCIO RODRIGUES,75
54,NATAN DONADON,940
54,NAZARENO FONTELES,1155
54,NEILTON MULIM,699
54,NELSON BORNIER,6
54,NELSON BORNIER,682
54,NELSON MARCHEZAN JUNIOR,1460
54,NELSON MARQUEZELLI,1460
54,NELSON MEURER,1460
54,NELSON PADOVANI,1460
54,NELSON PELLEGRINO,526
54,NELSON PELLEGRINO,783
54,NELSON PELLEGRINO,1
54,NERI GELLER,266
54,NEWTON CARDOSO,1460
54,NEWTON LIMA,1460
54,NICE LOBÃO,1177
54,NICE LOBÃO,151
54,NILDA GONDIM,322
54,NILDA GONDIM,1017
54,NILMAR RUIZ,217
54,NILMAR RUIZ,120
54,NILMÁRIO MIRANDA,758
54,NILSON LEITÃO,1298
54,NILSON PINTO,1
54,NILSON PINTO,764
54,NILTON CAPIXABA,1460
54,ODAIR CUNHA,1431
54,ODÍLIO BALBINOTTI,1089
54,OLIVEIRA FILHO,284
54,OLIVEIRA FILHO,43
54,ONOFRE SANTO AGOSTINI,1460
54,ONYX LORENZONI,1460
54,OSMAR JÚNIOR,1460
54,OSMAR SERRAGLIO,1460
54,OSMAR TERRA,1460
54,OSVALDO COELHO,29
54,OSVALDO REIS,758
54,OTAVIO LEITE,1460
54,OTONIEL LIMA,1460
54,OZIEL OLIVEIRA,1460
54,PADRE JOÃO,1460
54,PADRE TON,1460
54,PAES LANDIM,1460
54,PASTOR EURICO,1460
54,PASTOR MARCO FELICIANO,1460
54,PAUDERNEY AVELINO,703
54,PAUDERNEY AVELINO,409
54,PAULÃO,758
54,PAULO ABI-ACKEL,1460
54,PAULO BORNHAUSEN,28
54,PAULO BORNHAUSEN,7
54,PAULO BORNHAUSEN,49
54,PAULO BORNHAUSEN,302
54,PAULO CESAR QUARTIERO,1428
54,PAULO FEIJÓ,1268
54,PAULO FERREIRA,733
54,PAULO FOLETTO,1460
54,PAULO FREIRE,1460
54,PAULO HENRIQUE LUSTOSA,20
54,PAULO HENRIQUE LUSTOSA,159
54,PAULO HENRIQUE LUSTOSA,25
54,PAULO MAGALHÃES,1460
54,PAULO MALUF,1460
54,PAULO MARINHO JUNIOR,115
54,PAULO PEREIRA DA SILVA,1460
54,PAULO PIAU,699
54,PAULO PIMENTA,1460
54,PAULO RUBEM SANTIAGO,1446
54,PAULO TADEU,3
54,PAULO TADEU,125
54,PAULO TEIXEIRA,1460
54,PAULO WAGNER,1420
54,PEDRO CHAVES,1460
54,PEDRO EUGÊNIO,1460
54,PEDRO FERNANDES,63
54,PEDRO FERNANDES,299
54,PEDRO GUERRA,117
54,PEDRO HENRY,1
54,PEDRO HENRY,758
54,PEDRO NOVAIS,1
54,PEDRO NOVAIS,1233
54,PEDRO PAULO,8
54,PEDRO PAULO,2
54,PEDRO PAULO,8
54,PEDRO PAULO,128
54,PEDRO PAULO,7
54,PEDRO PAULO,4
54,PEDRO PAULO,3
54,PEDRO PAULO,293
54,PEDRO PAULO,2
54,PEDRO UCZAI,1287
54,PEDRO UCZAI,52
54,PENNA,1460
54,PEPE VARGAS,407
54,PEPE VARGAS,290
54,PEPE VARGAS,0
54,PERPÉTUA ALMEIDA,1460
54,PINTO DE LUNA,29
54,PINTO ITAMARATY,497
54,PINTO ITAMARATY,842
54,PLÍNIO VALÉRIO,266
54,POLICARPO,484
54,POLICARPO,920
54,PROFESSOR SÉRGIO DE OLIVEIRA,120
54,PROFESSOR SÉRGIO DE OLIVEIRA,421
54,PROFESSOR SÉRGIO DE OLIVEIRA,30
54,PROFESSOR SETIMO,1460
54,PROFESSOR VICTÓRIO GALLI,120
54,PROFESSORA DORINHA SEABRA REZENDE,1460
54,PROFESSORA MARCIVANIA,161
54,RAIMUNDÃO,371
54,RAIMUNDÃO,199
54,RAIMUNDO GOMES DE MATOS,1460
54,RATINHO JUNIOR,553
54,RATINHO JUNIOR,63
54,RATINHO JUNIOR,272
54,RAUL HENRY,1428
54,RAUL LIMA,1460
54,REBECCA GARCIA,680
54,REBECCA GARCIA,430
54,REGINALDO LOPES,1460
54,REGUFFE,1460
54,REINALDO AZAMBUJA,1427
54,REINHOLD STEPHANES,737
54,REINHOLD STEPHANES,296
54,RENAN FILHO,1430
54,RENATO ANDRADE,302
54,RENATO ANDRADE,29
54,RENATO ANDRADE,79
54,RENATO MOLLING,1460
54,RENATO SIMÕES,479
54,RENZO BRAZ,1460
54,RIBAMAR ALVES,321
54,RIBAMAR ALVES,252
54,RICARDO ARCHER,126
54,RICARDO ARRUDA,117
54,RICARDO BERZOINI,1155
54,RICARDO IZAR,1460
54,RICARDO QUIRINO,165
54,RICARDO TRIPOLI,1460
54,ROBERTO BALESTRA,1460
54,ROBERTO BRITTO,1460
54,ROBERTO DE LUCENA,1430
54,ROBERTO DORNER,287
54,ROBERTO DORNER,410
54,ROBERTO FREIRE,1460
54,ROBERTO SANTIAGO,1460
54,ROBERTO TEIXEIRA,1460
54,RODRIGO BETHLEM,28
54,RODRIGO BETHLEM,8
54,RODRIGO BETHLEM,212
54,RODRIGO BETHLEM,6
54,RODRIGO BETHLEM,3
54,RODRIGO BETHLEM,302
54,RODRIGO DE CASTRO,1460
54,RODRIGO GARCIA,90
54,RODRIGO GARCIA,30
54,RODRIGO GARCIA,299
54,RODRIGO MAIA,1460
54,ROGÉRIO CARVALHO,1460
54,ROGÉRIO MARINHO,224
54,ROGÉRIO MARINHO,54
54,ROGÉRIO MARINHO,348
54,ROGÉRIO PENINHA MENDONÇA,1460
54,ROMANNA REMOR,114
54,ROMÁRIO,1460
54,ROMERO RODRIGUES,517
54,ROMERO RODRIGUES,62
54,RONALDO BENEDET,1460
54,RONALDO CAIADO,1460
54,RONALDO FONSECA,1460
54,RONALDO NOGUEIRA,1014
54,RONALDO NOGUEIRA,105
54,RONALDO ZULKE,1460
54,ROSANE FERREIRA,1460
54,ROSE DE FREITAS,1460
54,ROSINHA DA ADEFAL,1429
54,ROSY DE SOUSA,40
54,RUBENS BUENO,1460
54,RUBENS OTONI,1460
54,RUI COSTA,338
54,RUI COSTA,273
54,RUI PALMEIRA,491
54,RUI PALMEIRA,85
54,RUY CARNEIRO,1460
54,SABINO CASTELO BRANCO,1460
54,SÁGUAS MORAES,161
54,SÁGUAS MORAES,481
54,SALVADOR ZIMBALDI,1460
54,SANDES JÚNIOR,1460
54,SANDRA ROSADO,1460
54,SANDRO ALEX,1460
54,SANDRO MABEL,1460
54,SARAIVA FELIPE,1460
54,SARNEY FILHO,1460
54,SEBASTIÃO BALA ROCHA,1460
54,SÉRGIO BARRADAS CARNEIRO,405
54,SÉRGIO BARRADAS CARNEIRO,121
54,SÉRGIO BARRADAS CARNEIRO,31
54,SÉRGIO BRITO,1460
54,SERGIO GUERRA,1129
54,SÉRGIO MORAES,1460
54,SERGIO ZVEITER,50
54,SERGIO ZVEITER,6
54,SERGIO ZVEITER,38
54,SERGIO ZVEITER,806
54,SEVERINO NINHO,246
54,SEVERINO NINHO,648
54,SEVERINO NINHO,29
54,SIBÁ MACHADO,1460
54,SILAS BRASILEIRO,363
54,SILAS BRASILEIRO,31
54,SILAS CÂMARA,1460
54,SILVIO COSTA,1460
54,SILVIO TORRES,1
54,SILVIO TORRES,1
54,SILVIO TORRES,104
54,SILVIO TORRES,30
54,SIMÃO SESSIM,1460
54,SIMPLÍCIO ARAÚJO,122
54,SIMPLÍCIO ARAÚJO,735
54,SOLANGE ALMEIDA,251
54,STEFANO AGUIAR,125
54,STEFANO AGUIAR,121
54,STEFANO AGUIAR,123
54,STEFANO AGUIAR,564
54,STEPAN NERCESSIAN,1460
54,SUBTENENTE GONZAGA,224
54,SUELI VIDIGAL,1430
54,TAKAYAMA,1460
54,TAUMATURGO LIMA,1460
54,TELMA PINHEIRO,79
54,TELMA PINHEIRO,32
54,TERESA SURITA,700
54,THIAGO PEIXOTO,29
54,THIAGO PEIXOTO,7
54,THIAGO PEIXOTO,4
54,THIAGO PEIXOTO,16
54,THIAGO PEIXOTO,3
54,THIAGO PEIXOTO,7
54,THIAGO PEIXOTO,397
54,TIRIRICA,1460
54,TONINHO PINHEIRO,1460
54,URZENI ROCHA,758
54,VALADARES FILHO,1460
54,VALDEMAR COSTA NETO,1038
54,VALDIR COLATTO,1002
54,VALDIR COLATTO,120
54,VALDIVINO DE OLIVEIRA,258
54,VALDIVINO DE OLIVEIRA,21
54,VALDIVINO DE OLIVEIRA,122
54,VALDIVINO DE OLIVEIRA,26
54,VALDIVINO DE OLIVEIRA,63
54,VALDIVINO DE OLIVEIRA,293
54,VALDIVINO DE OLIVEIRA,23
54,VALDIVINO DE OLIVEIRA,130
54,VALMIR ASSUNÇÃO,1460
54,VALRY MORAIS,120
54,VALTENIR PEREIRA,304
54,VALTENIR PEREIRA,1032
54,VANDER LOUBET,1460
54,VANDERLEI MACRIS,1458
54,VANDERLEI SIRAQUE,1187
54,VAZ DE LIMA,1460
54,VICENTE ARRUDA,1460
54,VICENTE CANDIDO,1460
54,VICENTE SELISTRE,122
54,VICENTINHO,1460
54,VIEIRA DA CUNHA,1430
54,VILALBA,1445
54,VILMAR ROCHA,8
54,VILMAR ROCHA,6
54,VILMAR ROCHA,7
54,VILMAR ROCHA,7
54,VILMAR ROCHA,2
54,VILMAR ROCHA,7
54,VILMAR ROCHA,401
54,VILSON COVATTI,1460
54,VINICIUS GURGEL,1460
54,VITOR PAULO,1460
54,VITOR PENIDO,1457
54,WADSON RIBEIRO,29
54,WALDENOR PEREIRA,1460
54,WALDIR MARANHÃO,1460
54,WALNEY ROCHA,1164
54,WALNEY ROCHA,174
54,WALTER FELDMAN,5
54,WALTER FELDMAN,1
54,WALTER FELDMAN,162
54,WALTER FELDMAN,628
54,WALTER IHOSHI,28
54,WALTER IHOSHI,293
54,WALTER IHOSHI,515
54,WALTER IHOSHI,23
54,WALTER TOSTA,1460
54,WANDENKOLK GONÇALVES,1460
54,WASHINGTON REIS,1460
54,WELITON PRADO,1460
54,WELLINGTON FAGUNDES,1460
54,WELLINGTON ROBERTO,1460
54,WELLINGTON SALGADO,25
54,WEVERTON ROCHA,123
54,WEVERTON ROCHA,161
54,WEVERTON ROCHA,759
54,WILLIAM DIB,1460
54,WILSON FILHO,1460
54,WLADIMIR COSTA,1460
54,WOLNEY QUEIROZ,1460
54,ZE CARLOS DA PESCA,28
54,ZE CARLOS DA PESCA,29
54,ZÉ GERALDO,1460
54,ZÉ SILVA,736
54,ZÉ SILVA,3
54,ZÉ SILVA,9
54,ZÉ SILVA,302
54,ZÉ VIEIRA,1460
54,ZECA DIRCEU,1460
54,ZENALDO COUTINHO,1
54,ZENALDO COUTINHO,305
54,ZENALDO COUTINHO,61
54,ZEQUINHA MARINHO,1429
54,ZEZÉU RIBEIRO,1
54,ZEZÉU RIBEIRO,816
54,ZOINHO,1460
54,ZONTA,161
